Employee_ID,Attrition_rate
EID_22713,0.17684000000000002
EID_9658,0.1223
EID_22203,0.2278
EID_7652,0.21734
EID_6516,0.24706
EID_20283,0.15136
EID_21014,0.09192
EID_7693,0.12287999999999999
EID_13232,0.11452
EID_6515,0.06334
EID_13639,0.08922
EID_14669,0.3048
EID_16537,0.18794000000000002
EID_5782,0.1451
EID_20157,0.19254
EID_1855,0.13616
EID_20748,0.07284
EID_23179,0.15073999999999996
EID_12838,0.0709
EID_21656,0.13536
EID_8844,0.12026
EID_1536,0.19178
EID_8822,0.22447999999999996
EID_11398,0.18218
EID_12965,0.06844
EID_5204,0.16062
EID_10030,0.12756
EID_13227,0.22836000000000004
EID_20607,0.39476000000000006
EID_14070,0.06167999999999999
EID_3755,0.11874
EID_5459,0.18962
EID_7697,0.2222
EID_3935,0.15753999999999999
EID_19046,0.11079999999999998
EID_4040,0.17529999999999998
EID_17730,0.14540000000000003
EID_4995,0.22954
EID_24653,0.14558
EID_6978,0.29457999999999995
EID_13775,0.12634
EID_14608,0.2138
EID_3148,0.14775999999999997
EID_24868,0.14806
EID_5521,0.11435999999999999
EID_21155,0.12934
EID_3840,0.5041
EID_10646,0.29741999999999996
EID_6711,0.15076
EID_16247,0.35960000000000003
EID_16789,0.04792
EID_17967,0.20973999999999998
EID_13270,0.12762
EID_18462,0.09546000000000002
EID_22248,0.29584
EID_22693,0.42044
EID_25662,0.19324
EID_23346,0.18384
EID_4437,0.09730000000000001
EID_18108,0.1634
EID_7000,0.25322000000000006
EID_22770,0.1326
EID_7816,0.1365
EID_19615,0.23007999999999998
EID_23807,0.23084000000000002
EID_16764,0.09902
EID_16818,0.11556000000000002
EID_22712,0.15196
EID_18198,0.09608000000000001
EID_11154,0.1177
EID_22137,0.13599999999999998
EID_11655,0.16240000000000002
EID_18514,0.25604000000000005
EID_24742,0.15722
EID_16019,0.13318000000000002
EID_7357,0.1618
EID_20106,0.1822
EID_13284,0.30816
EID_5451,0.17416
EID_19728,0.43107999999999996
EID_9178,0.17958
EID_13177,0.31354000000000004
EID_14300,0.33148
EID_4379,0.11208
EID_11285,0.07366
EID_14882,0.11400000000000002
EID_9969,0.0786
EID_23643,0.20956000000000002
EID_5935,0.13204
EID_7741,0.26644
EID_6176,0.15094
EID_5418,0.31958
EID_20626,0.11915999999999997
EID_1725,0.21423999999999999
EID_14317,0.27372
EID_12120,0.26168
EID_20264,0.10496000000000001
EID_16691,0.26834
EID_1093,0.0758
EID_2565,0.1924
EID_11463,0.22991999999999999
EID_12005,0.15067999999999998
EID_10326,0.14552
EID_12582,0.28670000000000007
EID_18228,0.13576000000000002
EID_11670,0.4424
EID_24257,0.34174
EID_7024,0.1786
EID_10382,0.22705999999999998
EID_20210,0.12198
EID_10294,0.274
EID_19941,0.37852
EID_25572,0.2355
EID_7758,0.15788
EID_22718,0.08936
EID_1078,0.12301999999999999
EID_8227,0.13670000000000002
EID_1702,0.27565999999999996
EID_3532,0.21554
EID_22452,0.15710000000000002
EID_3019,0.10364
EID_22264,0.44388000000000005
EID_9866,0.3175
EID_3520,0.1846
EID_21098,0.17504
EID_1186,0.16862
EID_12355,0.20539999999999997
EID_11020,0.15338000000000002
EID_19193,0.16474
EID_17787,0.17972000000000002
EID_13719,0.23206
EID_24449,0.1614
EID_12957,0.28316
EID_24794,0.31498000000000004
EID_2866,0.22726000000000002
EID_10563,0.16834000000000002
EID_22492,0.14604
EID_4106,0.25762
EID_6648,0.155
EID_7209,0.32080000000000003
EID_9692,0.12488000000000002
EID_22763,0.10628
EID_12622,0.08418
EID_9831,0.12558
EID_5731,0.25254000000000004
EID_1114,0.20558
EID_25017,0.14853999999999998
EID_22956,0.22489999999999996
EID_5549,0.22476000000000002
EID_12022,0.30564
EID_8034,0.24850000000000003
EID_20644,0.40624000000000005
EID_20125,0.23624
EID_21957,0.29240000000000005
EID_8870,0.10167999999999999
EID_2305,0.16876
EID_3977,0.076
EID_14845,0.17546
EID_6629,0.17859999999999998
EID_14577,0.23994
EID_24509,0.07434
EID_1530,0.1739
EID_21524,0.17185999999999998
EID_6647,0.36466
EID_19730,0.24316000000000004
EID_4424,0.47797999999999996
EID_7964,0.14692
EID_6289,0.13874
EID_2899,0.29842
EID_2827,0.13299999999999998
EID_8801,0.13287999999999997
EID_20454,0.16704
EID_18988,0.22622
EID_8405,0.13502
EID_14497,0.25056
EID_11769,0.2358
EID_21353,0.23508
EID_2221,0.14734
EID_13218,0.11735999999999999
EID_4576,0.17873999999999998
EID_17470,0.33940000000000003
EID_14817,0.11184000000000001
EID_21845,0.24003999999999998
EID_21987,0.21271999999999996
EID_1168,0.24860000000000002
EID_14315,0.22671999999999998
EID_5043,0.12254000000000001
EID_1967,0.27194
EID_22274,0.15882000000000002
EID_11091,0.2818
EID_18421,0.23982
EID_8316,0.09668000000000002
EID_13308,0.15232
EID_19481,0.26754
EID_17732,0.33256
EID_4504,0.3585
EID_2539,0.25184
EID_19529,0.32731999999999994
EID_2279,0.14032
EID_14508,0.31654
EID_12241,0.1993
EID_11530,0.24535999999999997
EID_20147,0.09102
EID_6154,0.12842
EID_3523,0.16402
EID_20453,0.29016
EID_11929,0.17472000000000001
EID_12840,0.25992
EID_22320,0.13286
EID_25383,0.19152
EID_10731,0.13462000000000002
EID_1017,0.37268
EID_1819,0.13169999999999998
EID_22849,0.13722
EID_12290,0.31868
EID_24238,0.06152
EID_3105,0.27822
EID_14242,0.25236000000000003
EID_16569,0.29744000000000004
EID_8094,0.37783999999999995
EID_7824,0.25098
EID_8978,0.35486
EID_25314,0.11304
EID_17810,0.12029999999999999
EID_14856,0.20859999999999998
EID_22144,0.15752
EID_23603,0.12229999999999999
EID_7211,0.15836
EID_19340,0.13254000000000002
EID_1501,0.1943
EID_22111,0.18086000000000002
EID_16147,0.35319999999999996
EID_16746,0.22047999999999995
EID_20777,0.24211999999999997
EID_12999,0.10386
EID_21663,0.1829
EID_11862,0.11462000000000001
EID_17683,0.19622
EID_19819,0.16652
EID_21562,0.1535
EID_24390,0.20006
EID_14444,0.11557999999999999
EID_3261,0.1343
EID_7752,0.43794000000000005
EID_3033,0.14967999999999998
EID_22433,0.11738
EID_23727,0.09966
EID_24107,0.12706
EID_22537,0.24744000000000002
EID_13645,0.14492
EID_16021,0.39864
EID_19800,0.10354000000000001
EID_1944,0.32044
EID_15868,0.17396
EID_22188,0.2683
EID_13833,0.19148
EID_15028,0.24956
EID_24861,0.0718
EID_13033,0.22694
EID_23673,0.14076
EID_13265,0.29564
EID_23411,0.24384
EID_3761,0.32552000000000003
EID_7299,0.14336
EID_2379,0.15889999999999999
EID_18863,0.18652000000000002
EID_12115,0.3264600000000001
EID_23879,0.23476
EID_16586,0.23164
EID_19003,0.15116000000000002
EID_11107,0.09046000000000001
EID_15416,0.15395999999999999
EID_19214,0.15589999999999998
EID_5135,0.26754
EID_22464,0.31576
EID_22759,0.06572000000000001
EID_17833,0.0676
EID_17627,0.15592
EID_25730,0.11004
EID_2377,0.15597999999999998
EID_18085,0.19674000000000003
EID_14096,0.23851999999999998
EID_8384,0.10432000000000001
EID_17105,0.20394000000000007
EID_9929,0.2488
EID_13267,0.37328
EID_12954,0.1336
EID_4464,0.32512
EID_11464,0.18124
EID_19308,0.1399
EID_17530,0.16996000000000003
EID_6981,0.1527
EID_19951,0.23346
EID_1100,0.39458000000000004
EID_25145,0.11796
EID_15614,0.14984
EID_2961,0.13954
EID_1742,0.14150000000000001
EID_2843,0.08976
EID_9549,0.27568000000000004
EID_12832,0.15145999999999998
EID_17914,0.09092
EID_22832,0.17196
EID_5755,0.13923999999999997
EID_1141,0.10026000000000002
EID_18954,0.18847999999999998
EID_10824,0.15538000000000002
EID_24478,0.2372
EID_14916,0.12276000000000001
EID_4434,0.23492000000000002
EID_23650,0.14866000000000001
EID_16556,0.19282
EID_24656,0.26210000000000006
EID_25965,0.26478
EID_9279,0.13296000000000002
EID_13802,0.28437999999999997
EID_2748,0.11321999999999999
EID_17346,0.11222000000000001
EID_1171,0.20352
EID_1552,0.15389999999999998
EID_20674,0.26749999999999996
EID_2475,0.16818
EID_16714,0.19626000000000002
EID_7857,0.19968
EID_3294,0.19306
EID_2280,0.16133999999999998
EID_10203,0.17997999999999997
EID_22162,0.21338
EID_10438,0.16212
EID_12898,0.3192
EID_4358,0.28196
EID_6179,0.14730000000000001
EID_2538,0.12440000000000002
EID_13110,0.19234
EID_24585,0.14124
EID_1006,0.0938
EID_11632,0.11805999999999998
EID_21011,0.1386
EID_16869,0.43732
EID_20564,0.08344
EID_12996,0.27908
EID_1503,0.15888
EID_23053,0.23270000000000005
EID_22049,0.15152
EID_4346,0.1516
EID_1887,0.13657999999999998
EID_16849,0.07526
EID_10071,0.23349999999999999
EID_11265,0.21122000000000002
EID_12611,0.11085999999999999
EID_25542,0.21396
EID_11582,0.12001999999999999
EID_19550,0.10611999999999999
EID_5351,0.18535999999999997
EID_3305,0.17872
EID_18846,0.26402000000000003
EID_24764,0.1678
EID_2191,0.09884
EID_6314,0.09196
EID_23248,0.10418000000000001
EID_4570,0.1121
EID_16415,0.17004
EID_11002,0.19283999999999998
EID_20498,0.31335999999999997
EID_7846,0.23424
EID_24121,0.09536
EID_7536,0.20371999999999998
EID_2015,0.1814
EID_7934,0.21696
EID_20903,0.1484
EID_17535,0.2793
EID_19760,0.1508
EID_9550,0.21727999999999997
EID_4261,0.16268
EID_19753,0.16532
EID_13542,0.28715999999999997
EID_24283,0.1478
EID_7552,0.2445
EID_11577,0.1452
EID_3228,0.15236
EID_17468,0.0723
EID_15815,0.24224
EID_2093,0.21581999999999998
EID_21356,0.3073
EID_12357,0.38906
EID_18495,0.11983999999999999
EID_5098,0.21139999999999998
EID_12691,0.14892
EID_13240,0.094
EID_19312,0.2028
EID_23914,0.16576
EID_23175,0.16838
EID_15413,0.21934
EID_4785,0.13
EID_25933,0.26233999999999996
EID_22705,0.14614
EID_19350,0.11803999999999999
EID_5369,0.1808
EID_20410,0.06986
EID_12557,0.15668
EID_17678,0.33527999999999997
EID_1342,0.15403999999999998
EID_12230,0.15482
EID_1311,0.11564
EID_5860,0.14376000000000003
EID_4259,0.38567999999999997
EID_10209,0.11054
EID_2300,0.0414
EID_17408,0.11038
EID_1883,0.12101999999999999
EID_1053,0.25074
EID_23610,0.11488000000000001
EID_17585,0.21838000000000002
EID_20845,0.31932000000000005
EID_15683,0.3051
EID_11976,0.10288
EID_12031,0.22138
EID_1711,0.13846
EID_6239,0.26076
EID_25541,0.14212000000000002
EID_9308,0.08521999999999999
EID_18168,0.04734000000000001
EID_11934,0.09366000000000001
EID_23472,0.11022000000000001
EID_13731,0.29408
EID_16069,0.15506
EID_18276,0.16856
EID_6141,0.18164
EID_12061,0.28946
EID_9450,0.24383999999999997
EID_21730,0.1568
EID_19506,0.3491000000000001
EID_13552,0.16973999999999997
EID_9945,0.13526
EID_1924,0.15838000000000002
EID_18453,0.1093
EID_20225,0.10617999999999998
EID_18673,0.2927
EID_11420,0.17903999999999998
EID_16631,0.24889999999999998
EID_21237,0.27004
EID_5015,0.16784000000000002
EID_20179,0.33155999999999997
EID_12073,0.26392
EID_21147,0.16454
EID_6714,0.20522
EID_10645,0.14185999999999999
EID_18298,0.1583
EID_2640,0.23298000000000002
EID_2318,0.15288
EID_25226,0.20856
EID_24099,0.10242
EID_20938,0.15302
EID_8377,0.07347999999999999
EID_7023,0.08037999999999998
EID_11385,0.23367999999999997
EID_15016,0.2901
EID_25794,0.08839999999999999
EID_11494,0.25996
EID_2425,0.13082000000000002
EID_9847,0.11766000000000001
EID_3570,0.27794
EID_13573,0.0837
EID_13780,0.20476
EID_2949,0.28672
EID_19834,0.13126
EID_11384,0.23562
EID_23154,0.10541999999999999
EID_9337,0.20143999999999998
EID_3653,0.32111999999999996
EID_4850,0.08994
EID_16283,0.24396
EID_5107,0.11054
EID_25156,0.29946
EID_17223,0.08314
EID_14695,0.1162
EID_11374,0.14192
EID_13672,0.28262
EID_6782,0.20162
EID_25074,0.13444
EID_21087,0.23466
EID_13017,0.14586000000000002
EID_9947,0.12955999999999998
EID_21221,0.10733999999999999
EID_21639,0.13777999999999999
EID_20333,0.07278
EID_2970,0.19942
EID_7624,0.27026
EID_15741,0.15250000000000002
EID_1312,0.14234000000000002
EID_19575,0.21782000000000004
EID_21047,0.18102
EID_11969,0.3401
EID_19145,0.32554
EID_9871,0.12423999999999999
EID_18852,0.1187
EID_22326,0.1381
EID_7259,0.24636
EID_21920,0.11912
EID_1436,0.123
EID_8261,0.21396
EID_23228,0.15924
EID_5560,0.13564
EID_22357,0.46152
EID_4816,0.15442000000000003
EID_10000,0.23188
EID_21908,0.32448
EID_14887,0.29832000000000003
EID_12497,0.10014
EID_17976,0.21444000000000002
EID_17356,0.1505
EID_9785,0.22574
EID_16224,0.18046
EID_6020,0.18167999999999998
EID_20716,0.13016
EID_11351,0.43562
EID_20899,0.32906
EID_9718,0.29978000000000005
EID_9479,0.0886
EID_25048,0.34086
EID_23370,0.1315
EID_13877,0.18972
EID_12256,0.14501999999999998
EID_1903,0.10222
EID_8830,0.16264
EID_22060,0.10372
EID_11996,0.33920000000000006
EID_21061,0.19732
EID_22604,0.33302
EID_18463,0.08525999999999999
EID_11375,0.26762
EID_2685,0.21896
EID_16010,0.3678
EID_19288,0.25332000000000005
EID_9283,0.40338
EID_11122,0.22256
EID_6638,0.14903999999999998
EID_25516,0.10286000000000002
EID_3864,0.09656
EID_9746,0.11804
EID_8407,0.14686000000000002
EID_25463,0.17959999999999998
EID_23098,0.14504
EID_22512,0.30732
EID_14671,0.18209999999999998
EID_18482,0.3302999999999999
EID_8151,0.25688
EID_16624,0.11339999999999999
EID_1983,0.22824
EID_18445,0.05922000000000001
EID_11891,0.15852
EID_2010,0.19002000000000002
EID_4592,0.17028
EID_17412,0.15702
EID_24883,0.29064
EID_15661,0.21139999999999998
EID_11757,0.07069999999999999
EID_2627,0.20950000000000002
EID_13243,0.32376
EID_10917,0.10955999999999999
EID_4360,0.20436
EID_13536,0.09684
EID_10695,0.10928000000000002
EID_5746,0.31288
EID_1178,0.15028000000000002
EID_15290,0.06970000000000001
EID_3540,0.14318
EID_14684,0.20332
EID_7914,0.24578000000000005
EID_23733,0.20646
EID_5907,0.08446000000000001
EID_5142,0.31838
EID_7686,0.213
EID_12078,0.34643999999999997
EID_4880,0.13232
EID_1527,0.16746
EID_15919,0.08385999999999999
EID_1260,0.09989999999999999
EID_22377,0.29253999999999997
EID_7876,0.15738000000000002
EID_1213,0.1527
EID_4161,0.22296
EID_3214,0.2101
EID_17651,0.16024
EID_8005,0.23890000000000003
EID_12852,0.18158
EID_21465,0.24985999999999997
EID_7371,0.05926
EID_25687,0.2962
EID_17222,0.17626
EID_1994,0.20922000000000002
EID_22384,0.20396
EID_6344,0.1312
EID_18801,0.1276
EID_13688,0.07153999999999999
EID_13779,0.3241
EID_24969,0.25661999999999996
EID_15311,0.16899999999999998
EID_9095,0.30076
EID_11675,0.31472
EID_14870,0.27146000000000003
EID_1575,0.21162
EID_7440,0.16626
EID_24259,0.22670000000000004
EID_19501,0.15646
EID_23743,0.18752
EID_13287,0.20356000000000002
EID_2226,0.15345999999999999
EID_22439,0.16416
EID_16078,0.20588
EID_18895,0.31345999999999996
EID_19860,0.14246
EID_24564,0.16766
EID_21747,0.2796
EID_4659,0.26422
EID_24149,0.11448
EID_13300,0.38686
EID_16950,0.21146000000000004
EID_23778,0.23066
EID_14691,0.25207999999999997
EID_10789,0.2434
EID_5525,0.24318
EID_19424,0.06068
EID_6171,0.05439999999999999
EID_19569,0.22864
EID_4602,0.16155999999999998
EID_17919,0.11798
EID_4286,0.09336
EID_1973,0.21742
EID_25715,0.42123999999999995
EID_23385,0.19861999999999996
EID_13681,0.11788000000000001
EID_25410,0.12242
EID_18267,0.11556
EID_15252,0.08102000000000001
EID_23214,0.1799
EID_18551,0.30652
EID_2401,0.28948
EID_7609,0.19214
EID_21291,0.30134
EID_10126,0.1498
EID_19714,0.31645999999999996
EID_4911,0.18202000000000002
EID_12505,0.2583
EID_10377,0.19976000000000002
EID_3407,0.0874
EID_3386,0.07132000000000001
EID_7623,0.18124
EID_19517,0.15130000000000002
EID_21782,0.3436
EID_12361,0.07882
EID_21171,0.23306
EID_17836,0.11488000000000001
EID_20286,0.11772
EID_25798,0.11644000000000002
EID_15699,0.23925999999999997
EID_17006,0.05739999999999999
EID_22476,0.2172
EID_9406,0.39543999999999996
EID_13559,0.12442
EID_1340,0.15023999999999998
EID_17848,0.14652
EID_20358,0.23506
EID_14265,0.20188
EID_9820,0.13716
EID_13755,0.27986000000000005
EID_13293,0.2266
EID_25837,0.25568
EID_20466,0.15274
EID_11032,0.11040000000000001
EID_2399,0.22826
EID_23917,0.12187999999999999
EID_17011,0.25142
EID_8967,0.08524000000000001
EID_24468,0.36832
EID_8435,0.16698
EID_17953,0.25934
EID_7140,0.29362
EID_24404,0.1385
EID_14380,0.11524000000000001
EID_1232,0.20207999999999998
EID_1573,0.31218
EID_3684,0.19594
EID_15824,0.14906
EID_9212,0.2841
EID_21121,0.17806000000000002
EID_6346,0.18934
EID_9525,0.24802
EID_9726,0.18548000000000003
EID_2526,0.07126
EID_4228,0.22240000000000001
EID_14595,0.14515999999999998
EID_15856,0.28284
EID_6768,0.26149999999999995
EID_23953,0.17294
EID_19059,0.16426000000000002
EID_5268,0.16355999999999998
EID_7619,0.27598
EID_23028,0.21528
EID_22104,0.3535
EID_10318,0.27348000000000006
EID_25369,0.07696
EID_16633,0.13298000000000001
EID_15848,0.23445999999999997
EID_2240,0.15048
EID_1059,0.19784000000000002
EID_9315,0.11271999999999997
EID_15388,0.10858000000000001
EID_9984,0.1269
EID_4296,0.07748
EID_10927,0.12427999999999999
EID_25054,0.10342
EID_1884,0.1386
EID_21960,0.09957999999999999
EID_5572,0.10938
EID_16872,0.21642
EID_24525,0.16482
EID_14237,0.11568
EID_7114,0.29725999999999997
EID_7448,0.16236
EID_17668,0.14200000000000002
EID_7674,0.23141999999999996
EID_5884,0.17070000000000002
EID_13942,0.08779999999999999
EID_13098,0.22035999999999997
EID_7695,0.25206
EID_5350,0.14422000000000001
EID_22853,0.18964
EID_2385,0.12922
EID_18006,0.37084
EID_12875,0.2153
EID_5478,0.15356
EID_18690,0.14864000000000002
EID_12545,0.29488
EID_13888,0.19598000000000004
EID_9732,0.15384
EID_18001,0.21962
EID_17479,0.08152000000000001
EID_23757,0.1667
EID_1303,0.20434000000000002
EID_5375,0.27280000000000004
EID_5869,0.34606000000000003
EID_8825,0.20612
EID_22567,0.24403999999999998
EID_16273,0.12292
EID_20618,0.11146
EID_3608,0.029320000000000002
EID_8806,0.1335
EID_23170,0.07724
EID_12243,0.08747999999999999
EID_20089,0.20684
EID_16852,0.22268
EID_18312,0.10976
EID_14010,0.10722000000000001
EID_14705,0.25524
EID_20956,0.1276
EID_18794,0.17716
EID_1629,0.28484
EID_25483,0.10954
EID_4542,0.1274
EID_10076,0.2011
EID_9469,0.16312
EID_25284,0.1773
EID_11972,0.2508
EID_1798,0.15622
EID_21903,0.24958
EID_20031,0.11444000000000001
EID_20365,0.143
EID_9210,0.22123999999999996
EID_19750,0.07586
EID_4006,0.15058000000000002
EID_24922,0.2738
EID_4760,0.10812
EID_11035,0.08862
EID_21008,0.21616
EID_23731,0.28048
EID_21788,0.09428
EID_5428,0.19942
EID_14023,0.23948
EID_2937,0.35222
EID_16931,0.14316
EID_18299,0.32650000000000007
EID_6660,0.18209999999999998
EID_23187,0.25522
EID_14868,0.13738
EID_23247,0.20536
EID_15971,0.21681999999999996
EID_7852,0.12158
EID_7017,0.11612000000000003
EID_7494,0.12258
EID_18706,0.15856
EID_22784,0.18092000000000003
EID_10756,0.17538
EID_6854,0.29447999999999996
EID_12554,0.33503999999999995
EID_1162,0.21578
EID_19581,0.1794
EID_2169,0.181
EID_25149,0.07605999999999999
EID_22575,0.14896
EID_2265,0.32512
EID_19668,0.10200000000000001
EID_19245,0.12788
EID_8194,0.15596000000000002
EID_8081,0.084
EID_8670,0.19646
EID_7992,0.08726
EID_6596,0.1349
EID_3699,0.08376
EID_9698,0.33614
EID_1847,0.31862
EID_16179,0.40756
EID_23663,0.28418
EID_24287,0.47368
EID_3527,0.11106
EID_18652,0.1805
EID_24110,0.19898
EID_21419,0.08438
EID_12865,0.13713999999999998
EID_9237,0.23212000000000002
EID_20408,0.11276
EID_22934,0.31438000000000005
EID_6492,0.10256000000000001
EID_20285,0.2551
EID_1286,0.13024
EID_12542,0.19615999999999997
EID_5523,0.08708
EID_1979,0.08008
EID_23146,0.34198
EID_4773,0.203
EID_8785,0.13426
EID_4463,0.16512000000000002
EID_24028,0.1182
EID_20920,0.20692
EID_21392,0.26832
EID_4079,0.24337999999999999
EID_5173,0.2343
EID_22915,0.10868
EID_18347,0.31131999999999993
EID_7984,0.25504000000000004
EID_25148,0.2113
EID_4350,0.16719999999999996
EID_6909,0.23041999999999999
EID_10582,0.09202
EID_6248,0.14922
EID_10035,0.14108
EID_24603,0.10891999999999999
EID_1794,0.24481999999999998
EID_9407,0.05122000000000001
EID_2114,0.13212
EID_21125,0.14688
EID_15046,0.2015
EID_8058,0.18836000000000003
EID_1961,0.18802000000000002
EID_23324,0.17822
EID_21521,0.10636000000000001
EID_11043,0.28724
EID_6461,0.167
EID_10398,0.18534
EID_20635,0.20861999999999997
EID_22940,0.12344
EID_8582,0.06536
EID_12770,0.19966
EID_15982,0.27564
EID_19692,0.14851999999999999
EID_18304,0.16985999999999998
EID_13603,0.2145
EID_6145,0.20666
EID_16587,0.21009999999999995
EID_16835,0.24744000000000002
EID_8399,0.23806000000000002
EID_7012,0.21012
EID_20575,0.12546
EID_20747,0.21258
EID_3907,0.26452
EID_22626,0.27152
EID_4442,0.12525999999999998
EID_18034,0.20384000000000002
EID_16055,0.13702
EID_21684,0.18982000000000002
EID_17499,0.22408
EID_1222,0.12156
EID_17204,0.12105999999999999
EID_22732,0.1258
EID_8539,0.21458000000000005
EID_23136,0.47872000000000003
EID_24470,0.40499999999999997
EID_17404,0.20212
EID_21498,0.22648000000000001
EID_19495,0.1602
EID_23966,0.13022
EID_1388,0.19322
EID_7374,0.25738000000000005
EID_25441,0.17576
EID_16616,0.4902
EID_7654,0.12211999999999998
EID_4217,0.21542000000000003
EID_9968,0.13454
EID_17830,0.26666
EID_12023,0.15904000000000001
EID_24002,0.15018
EID_11371,0.20036
EID_11096,0.16860000000000003
EID_24835,0.40171999999999997
EID_17439,0.08562
EID_6587,0.24416
EID_21946,0.31326
EID_5431,0.18006
EID_4723,0.14194
EID_11535,0.14443999999999999
EID_2330,0.10388
EID_23531,0.14017999999999997
EID_8913,0.20679999999999996
EID_21273,0.11680000000000001
EID_11927,0.18576
EID_1385,0.135
EID_15758,0.09416
EID_1023,0.24866000000000002
EID_8959,0.15356
EID_12911,0.12386
EID_15925,0.1276
EID_17769,0.18172
EID_19842,0.054720000000000005
EID_15875,0.16651999999999997
EID_21284,0.19446000000000002
EID_24825,0.10134000000000001
EID_23825,0.21612000000000003
EID_13001,0.20400000000000001
EID_25601,0.16312
EID_24670,0.09469999999999999
EID_24412,0.1405
EID_18712,0.1807
EID_21138,0.29406000000000004
EID_19335,0.15417999999999998
EID_16753,0.1857
EID_24399,0.14032
EID_12567,0.2274
EID_22161,0.1758
EID_12609,0.371
EID_22249,0.21545999999999998
EID_5314,0.25403999999999993
EID_1897,0.11901999999999999
EID_22507,0.28293999999999997
EID_2878,0.03912
EID_10098,0.38519999999999993
EID_18435,0.29394
EID_8063,0.14284000000000002
EID_3512,0.09454
EID_24444,0.16952
EID_9813,0.1927
EID_25132,0.21746
EID_5613,0.14194
EID_14062,0.19778
EID_20073,0.11226
EID_12506,0.10922000000000001
EID_1092,0.19628
EID_15895,0.13277999999999998
EID_1039,0.10358
EID_22016,0.10776
EID_6764,0.10964
EID_17384,0.28676
EID_8705,0.1609
EID_14832,0.15762
EID_16473,0.30490000000000006
EID_11186,0.20406
EID_7476,0.17978
EID_19671,0.13040000000000002
EID_14001,0.21793999999999997
EID_10658,0.10044
EID_6668,0.19674
EID_13786,0.16734000000000002
EID_11224,0.38484
EID_13296,0.353
EID_22145,0.16754
EID_6494,0.11584000000000001
EID_1649,0.23796
EID_20878,0.17068
EID_3790,0.1083
EID_9257,0.16663999999999998
EID_14917,0.10791999999999999
EID_22052,0.33096
EID_1198,0.0982
EID_8478,0.09183999999999999
EID_2071,0.20950000000000002
EID_1250,0.26106
EID_9000,0.24554
EID_17319,0.053759999999999995
EID_21794,0.23296
EID_23350,0.22984
EID_16278,0.13448
EID_3330,0.39425999999999994
EID_12584,0.10462
EID_9354,0.18474
EID_15007,0.18052
EID_11656,0.09064
EID_22526,0.23278000000000004
EID_11027,0.13286
EID_21588,0.2015
EID_13717,0.11876
EID_8073,0.27998
EID_15972,0.13794
EID_5730,0.38008
EID_23968,0.22822000000000003
EID_4299,0.12568
EID_6302,0.19148
EID_6974,0.15375999999999998
EID_4829,0.19168
EID_21139,0.24542000000000003
EID_23456,0.35567999999999994
EID_20110,0.21200000000000002
EID_20342,0.22938
EID_15238,0.15528
EID_10349,0.30278000000000005
EID_10077,0.35600000000000004
EID_22330,0.09106
EID_4368,0.24044000000000004
EID_8859,0.18298
EID_24277,0.10908
EID_1061,0.30686
EID_5597,0.16292
EID_4820,0.08226
EID_5863,0.221
EID_23680,0.08248
EID_5542,0.22896
EID_6203,0.20330000000000004
EID_5355,0.29032
EID_19669,0.16448000000000002
EID_21725,0.24159999999999998
EID_2138,0.17448
EID_24278,0.12734
EID_6591,0.1353
EID_21056,0.0969
EID_18759,0.15228000000000003
EID_12059,0.1391
EID_11077,0.2851
EID_17216,0.23375999999999997
EID_15655,0.15328000000000003
EID_19017,0.07762
EID_17846,0.11012
EID_6418,0.28726
EID_25942,0.30072
EID_5420,0.10493999999999999
EID_11764,0.27016
EID_16483,0.18168
EID_1901,0.14495999999999998
EID_21480,0.24618
EID_8006,0.20944
EID_1282,0.37316000000000005
EID_6895,0.16929999999999998
EID_13677,0.25579999999999997
EID_6071,0.20659999999999998
EID_14425,0.10944000000000001
EID_22685,0.08520000000000001
EID_20203,0.1903
EID_19161,0.30116
EID_1947,0.30738000000000004
EID_16574,0.3069
EID_2561,0.13142
EID_20668,0.15672
EID_7831,0.18372000000000002
EID_8769,0.15228000000000003
EID_25191,0.19186
EID_15590,0.10228
EID_12458,0.11543999999999999
EID_11406,0.08388
EID_17629,0.13942
EID_4632,0.18232
EID_18455,0.10548000000000002
EID_23077,0.17338
EID_25024,0.13038
EID_6269,0.22230000000000003
EID_12100,0.23418
EID_23190,0.16602
EID_9030,0.21264000000000002
EID_12359,0.08986
EID_12041,0.3127
EID_2019,0.1296
EID_22974,0.1101
EID_10351,0.21008
EID_23630,0.12534
EID_7309,0.16708000000000003
EID_19821,0.40573999999999993
EID_4033,0.22748000000000004
EID_3435,0.29660000000000003
EID_5759,0.08524
EID_12826,0.24366
EID_8148,0.11082
EID_16088,0.42494
EID_15783,0.13524
EID_19521,0.12061999999999999
EID_13016,0.11921999999999999
EID_13708,0.08604
EID_4237,0.31368
EID_3620,0.14042000000000002
EID_10042,0.33368000000000003
EID_8833,0.14066
EID_21028,0.18137999999999999
EID_3485,0.22984
EID_23372,0.30544
EID_19410,0.26936
EID_6598,0.21624
EID_25371,0.11372000000000002
EID_19483,0.15430000000000002
EID_22826,0.05612
EID_23606,0.26178
EID_9346,0.14121999999999998
EID_1608,0.10192000000000001
EID_1603,0.14551999999999998
EID_23041,0.24834
EID_7801,0.28756
EID_22456,0.2089
EID_24428,0.13238
EID_10811,0.57404
EID_24566,0.25254000000000004
EID_2531,0.2202
EID_10878,0.29506
EID_19548,0.10603999999999998
EID_11988,0.20968
EID_11378,0.12001999999999999
EID_9896,0.05908
EID_17323,0.16904000000000002
EID_24976,0.15739999999999998
EID_11249,0.17548
EID_20395,0.03808
EID_18262,0.1457
EID_14670,0.09702
EID_12880,0.1222
EID_1406,0.2528
EID_23014,0.18042
EID_5224,0.16964
EID_3232,0.15858
EID_22327,0.34642
EID_2285,0.1076
EID_20468,0.14728
EID_4443,0.25554
EID_15641,0.12625999999999998
EID_8106,0.20322
EID_13958,0.13864000000000004
EID_10214,0.2009
EID_17739,0.17412
EID_13347,0.16366
EID_23453,0.16555999999999998
EID_1477,0.22682000000000002
EID_20224,0.11928000000000001
EID_2362,0.1001
EID_21421,0.22762
EID_7860,0.15466
EID_10286,0.37618
EID_7184,0.16496
EID_21742,0.20178
EID_21610,0.07752
EID_19375,0.27966
EID_18564,0.15242
EID_19108,0.30156
EID_17928,0.22172
EID_25613,0.26124
EID_23787,0.14872000000000002
EID_2392,0.14268
EID_7574,0.26648
EID_9810,0.13432
EID_14332,0.13868
EID_20937,0.20749999999999996
EID_7827,0.1393
EID_7457,0.14668
EID_11152,0.14382
EID_12917,0.06674
EID_18590,0.16599999999999998
EID_15327,0.18846
EID_11687,0.10916
EID_5179,0.14464
EID_5623,0.29256
EID_25331,0.23965999999999998
EID_24386,0.31155999999999995
EID_6507,0.34154000000000007
EID_7842,0.13498000000000002
EID_12018,0.1431
EID_6640,0.18562
EID_9872,0.13144
EID_2331,0.25082000000000004
EID_19685,0.17550000000000002
EID_25701,0.15754
EID_25681,0.34622
EID_20151,0.24676
EID_8980,0.28302
EID_12719,0.13286
EID_20075,0.177
EID_14984,0.26616
EID_8177,0.13196000000000002
EID_1360,0.18152
EID_24812,0.10779999999999998
EID_8480,0.20858000000000004
EID_14567,0.12702
EID_16194,0.28242
EID_10020,0.33277999999999996
EID_7321,0.2454
EID_15387,0.31674
EID_19419,0.12267999999999998
EID_20496,0.26017999999999997
EID_1308,0.1196
EID_14770,0.16768
EID_21893,0.14566
EID_10990,0.19424
EID_17521,0.34344
EID_15274,0.15626
EID_24001,0.28584
EID_4111,0.14392000000000002
EID_4284,0.10508000000000002
EID_19682,0.12266000000000002
EID_14871,0.19948000000000002
EID_18152,0.09368000000000001
EID_12520,0.1109
EID_4739,0.26428
EID_8424,0.1311
EID_23600,0.17375999999999997
EID_25891,0.14808000000000002
EID_11618,0.06644
EID_12674,0.19402
EID_5999,0.11428
EID_18063,0.09548
EID_14859,0.1782
EID_20353,0.15256
EID_22962,0.14112
EID_19650,0.19736
EID_6108,0.15598
EID_19012,0.16968
EID_22925,0.08986
EID_15619,0.18072
EID_19998,0.21364
EID_20052,0.35732
EID_25044,0.25556
EID_5422,0.26627999999999996
EID_15354,0.26277999999999996
EID_3804,0.21800000000000003
EID_23277,0.13601999999999997
EID_12336,0.060419999999999995
EID_24839,0.18762
EID_1651,0.2499
EID_24355,0.21828000000000003
EID_24276,0.07404000000000001
EID_10346,0.12150000000000001
EID_9579,0.18766
EID_23242,0.20851999999999998
EID_23541,0.24424
EID_14741,0.09938
EID_7783,0.35186
EID_12569,0.31002
EID_3834,0.16104000000000002
EID_6799,0.10656000000000002
EID_15609,0.10646
EID_5496,0.2186
EID_5080,0.17121999999999998
EID_14834,0.20641999999999996
EID_18266,0.18334
EID_1182,0.22000000000000003
EID_6445,0.12824
EID_18656,0.39996
EID_24011,0.13277999999999998
EID_25093,0.15508000000000002
EID_11334,0.1493
EID_15785,0.33306
EID_8060,0.30872
EID_4349,0.10411999999999999
EID_22525,0.1359
EID_1231,0.08982
EID_2127,0.11723999999999998
EID_4047,0.25178
EID_12989,0.2596
EID_17726,0.20402
EID_1602,0.23306
EID_5945,0.16216
EID_15166,0.4337
EID_25317,0.12822
EID_18848,0.28222
EID_14455,0.06256
EID_9724,0.10566
EID_22697,0.14314
EID_16505,0.15985999999999997
EID_11616,0.14574000000000004
EID_10352,0.13462000000000002
EID_24093,0.14968
EID_11826,0.16438
EID_24211,0.07336000000000001
EID_14709,0.20195999999999997
EID_18747,0.20112000000000002
EID_16077,0.07538
EID_15440,0.25744
EID_4935,0.09847999999999998
EID_13791,0.19748000000000002
EID_16876,0.38488
EID_1335,0.18654
EID_19086,0.25830000000000003
EID_12872,0.1942
EID_11623,0.15832
EID_7807,0.11854
EID_9605,0.2691
EID_12736,0.29725999999999997
EID_20565,0.16532
EID_17225,0.11934
EID_19974,0.2434
EID_16045,0.29578000000000004
EID_2082,0.25216000000000005
EID_22219,0.12932000000000002
EID_19439,0.12822
EID_2979,0.09884
EID_24414,0.2766
EID_15148,0.05602
EID_10690,0.33524000000000004
EID_16346,0.09043999999999999
EID_22752,0.40788
EID_21746,0.2252
EID_1705,0.0995
EID_7498,0.11417999999999999
EID_6874,0.16916
EID_4543,0.07126
EID_8931,0.21738
EID_16435,0.16576
EID_16767,0.0959
EID_3058,0.08076
EID_16381,0.32454
EID_17190,0.35936
EID_7079,0.14216
EID_10191,0.12874000000000002
EID_1378,0.21938000000000005
EID_20222,0.07052
EID_6156,0.12008
EID_5975,0.09106
EID_18682,0.11366000000000001
EID_8837,0.12004
EID_24686,0.17672
EID_9869,0.1737
EID_14673,0.17285999999999999
EID_14443,0.21304000000000003
EID_21591,0.16168
EID_25240,0.17393999999999998
EID_18365,0.29969999999999997
EID_9260,0.28975999999999996
EID_10696,0.20976
EID_18012,0.253
EID_17421,0.20249999999999999
EID_23615,0.3391
EID_14132,0.18758
EID_13168,0.29578000000000004
EID_16973,0.20176000000000002
EID_13426,0.3068
EID_1493,0.27906
EID_3994,0.20978
EID_10574,0.35118
EID_12394,0.22538
EID_4781,0.09033999999999999
EID_24911,0.11561999999999999
EID_3205,0.1981
EID_25568,0.11726
EID_4343,0.06812
EID_4330,0.3738
EID_12518,0.25122000000000005
EID_18426,0.29082
EID_3862,0.2799
EID_13478,0.19195999999999996
EID_5607,0.28702
EID_22353,0.16352
EID_18346,0.27498
EID_5978,0.17038
EID_3391,0.19648000000000002
EID_8525,0.24840000000000004
EID_5245,0.13391999999999998
EID_11791,0.27196
EID_22913,0.23414000000000001
EID_15587,0.31534
EID_4851,0.23986000000000002
EID_3432,0.20773999999999998
EID_13090,0.15756
EID_15117,0.35576
EID_22004,0.25902
EID_16053,0.1444
EID_16458,0.09398000000000002
EID_8021,0.29701999999999995
EID_24385,0.23918
EID_7053,0.33865999999999996
EID_13544,0.16876
EID_9014,0.20644
EID_9246,0.22949999999999998
EID_15642,0.11098
EID_12295,0.27559999999999996
EID_7925,0.11634
EID_18473,0.3173
EID_19427,0.27734000000000003
EID_17027,0.32195999999999997
EID_22093,0.10535999999999998
EID_25611,0.18786
EID_20490,0.20186
EID_4204,0.30344
EID_2604,0.20714000000000002
EID_16152,0.20285999999999998
EID_8563,0.36124
EID_18620,0.1603
EID_11012,0.11256
EID_19598,0.20122
EID_13159,0.1731
EID_13171,0.1484
EID_8374,0.20269999999999996
EID_9838,0.3062
EID_18489,0.13155999999999998
EID_17451,0.09388
EID_7269,0.24037999999999998
EID_20548,0.21054
EID_9466,0.10274000000000001
EID_16085,0.11856
EID_24082,0.25136000000000003
EID_5078,0.17218
EID_23951,0.12946
EID_8327,0.0868
EID_5904,0.19378
EID_11085,0.13058
EID_21437,0.25560000000000005
EID_7471,0.13918
EID_12046,0.25714
EID_18653,0.0869
EID_14175,0.16162
EID_5514,0.13426
EID_20148,0.29244000000000003
EID_14260,0.11769999999999999
EID_15574,0.16454
EID_7287,0.14609999999999998
EID_18889,0.22418
EID_13106,0.2726
EID_15448,0.17564000000000002
EID_25897,0.10961999999999998
EID_23758,0.17352
EID_23208,0.19574
EID_13646,0.1837
EID_5467,0.21014
EID_6022,0.06248
EID_10923,0.18725999999999998
EID_10408,0.15072000000000002
EID_4186,0.14514
EID_22022,0.26658
EID_16390,0.14062
EID_19493,0.2975
EID_12519,0.17676
EID_23549,0.1708
EID_17612,0.23417999999999997
EID_25007,0.2439
EID_1949,0.23176000000000002
EID_23313,0.16716
EID_22516,0.15789999999999998
EID_21836,0.25518
EID_7268,0.13652000000000003
EID_8202,0.22754000000000002
EID_6613,0.10542
EID_2596,0.3185
EID_19849,0.265
EID_11546,0.20573999999999998
EID_3942,0.14850000000000002
EID_7899,0.14100000000000001
EID_4802,0.23902
EID_6725,0.26104000000000005
EID_3835,0.24430000000000002
EID_9511,0.15696
EID_5757,0.1767
EID_24838,0.42388000000000003
EID_15225,0.15796
EID_8238,0.13306
EID_2826,0.28928000000000004
EID_20774,0.09736
EID_19311,0.23152
EID_12339,0.35846
EID_1583,0.11512
EID_1033,0.14612
EID_10764,0.11746000000000001
EID_17203,0.23856000000000002
EID_1345,0.22058
EID_4951,0.08504
EID_16956,0.16598
EID_9203,0.17841999999999997
EID_7021,0.17086
EID_8707,0.23966000000000004
EID_5209,0.2211
EID_20428,0.10336000000000001
EID_10913,0.4530799999999999
EID_11507,0.29203999999999997
EID_3693,0.1317
EID_22857,0.28712
EID_18744,0.13692000000000001
EID_19600,0.2697
EID_21336,0.1363
EID_17676,0.17270000000000002
EID_1678,0.25008
EID_4889,0.38818
EID_9961,0.13402
EID_23386,0.15136
EID_19835,0.29175999999999996
EID_9519,0.12247999999999999
EID_5449,0.12358
EID_20640,0.12245999999999999
EID_16387,0.21694
EID_20293,0.15664
EID_2296,0.1133
EID_11827,0.07916000000000001
EID_21522,0.26566
EID_2767,0.09406
EID_2873,0.15466
EID_2603,0.13182
EID_2674,0.12769999999999998
EID_23682,0.18418
EID_13310,0.12610000000000002
EID_6523,0.16505999999999998
EID_13056,0.18948
EID_7244,0.10346
EID_1072,0.30804
EID_25833,0.21486
EID_11244,0.10611999999999999
EID_22918,0.23104
EID_16735,0.3971
EID_4201,0.30462
EID_5998,0.19623999999999997
EID_19254,0.15488
EID_16653,0.28674000000000005
EID_11729,0.36479999999999996
EID_19573,0.19504000000000002
EID_21463,0.09566
EID_5899,0.24289999999999998
EID_23613,0.2532
EID_8609,0.39926
EID_2660,0.26118
EID_1333,0.45027999999999996
EID_3212,0.10678000000000001
EID_7830,0.32124
EID_4372,0.1288
EID_15955,0.20101999999999998
EID_22059,0.16827999999999999
EID_22804,0.23954
EID_4700,0.39794000000000007
EID_14401,0.10728
EID_19971,0.11308
EID_10684,0.15139999999999998
EID_21512,0.13501999999999997
EID_16722,0.12664
EID_16012,0.12534
EID_19093,0.20343999999999998
EID_25636,0.2872
EID_10567,0.1654
EID_11601,0.17070000000000002
EID_25697,0.16399999999999998
EID_22131,0.10006
EID_8511,0.20348000000000002
EID_18114,0.32134
EID_12784,0.19218
EID_12820,0.24664000000000003
EID_4512,0.20526
EID_5837,0.08226
EID_12564,0.23020000000000002
EID_16737,0.14692
EID_25986,0.16
EID_8729,0.33044
EID_4386,0.5089400000000001
EID_5223,0.16109999999999997
EID_1494,0.12918000000000002
EID_22699,0.28008
EID_1083,0.16352
EID_1329,0.14782
EID_3550,0.21034000000000003
EID_18845,0.27738
EID_17946,0.23214
EID_1712,0.19849999999999998
EID_12024,0.19218000000000002
EID_2974,0.44764
EID_12806,0.03614
EID_10396,0.28074000000000005
EID_3998,0.11232
EID_22451,0.20085999999999998
EID_12242,0.24645999999999998
EID_18599,0.13404
EID_9423,0.15646
EID_25347,0.20528
EID_20183,0.0938
EID_18079,0.21682
EID_10059,0.06805999999999998
EID_1322,0.26952000000000004
EID_18109,0.1679
EID_7325,0.1414
EID_6000,0.32056000000000007
EID_10760,0.1437
EID_24380,0.29278
EID_7070,0.17109999999999997
EID_2796,0.11432
EID_18860,0.10482
EID_13597,0.21072000000000002
EID_6858,0.10298
EID_14987,0.15862
EID_8902,0.1742
EID_9453,0.13456
EID_20605,0.08848
EID_16020,0.2008
EID_6335,0.19912
EID_1317,0.12591999999999998
EID_5575,0.11352
EID_17433,0.13155999999999998
EID_6238,0.19646000000000002
EID_10734,0.18231999999999998
EID_7661,0.24594
EID_9281,0.14024
EID_19259,0.1232
EID_9544,0.10747999999999999
EID_2572,0.29112
EID_12706,0.35432
EID_20500,0.06522
EID_19258,0.14106000000000002
EID_15915,0.1507
EID_25265,0.28697999999999996
EID_16567,0.18753999999999998
EID_19553,0.23706
EID_25403,0.30767999999999995
EID_10354,0.13694
EID_19522,0.13196000000000002
EID_20132,0.12483999999999999
EID_3363,0.12298
EID_15253,0.15209999999999999
EID_8368,0.13688
EID_3883,0.4002800000000001
EID_7323,0.17126000000000002
EID_16203,0.18362
EID_9080,0.154
EID_12266,0.18444
EID_13777,0.21228000000000002
EID_24876,0.11803999999999999
EID_11961,0.16252000000000003
EID_25871,0.18374
EID_3563,0.11004
EID_3377,0.18022
EID_19924,0.1276
EID_4070,0.08453999999999999
EID_7727,0.21546000000000004
EID_2253,0.22624
EID_5056,0.1871
EID_16751,0.15544
EID_2105,0.12042
EID_14078,0.18594000000000002
EID_18779,0.10217999999999998
EID_2218,0.22616
EID_6130,0.1902
EID_21722,0.25066
EID_17748,0.17445999999999998
EID_21322,0.20134
EID_6016,0.08652
EID_20480,0.1117
EID_18843,0.33130000000000004
EID_7336,0.13676
EID_4455,0.26448
EID_15206,0.22490000000000002
EID_15582,0.12444
EID_22381,0.08528
EID_22606,0.38034
EID_12159,0.13179999999999997
EID_10027,0.25728
EID_4107,0.27334
EID_18932,0.11901999999999999
EID_1321,0.1316
EID_7759,0.23814000000000002
EID_21961,0.25358
EID_15289,0.11646000000000001
EID_23069,0.26138000000000006
EID_17187,0.24312
EID_25372,0.12113999999999998
EID_9787,0.26004
EID_9797,0.13680000000000003
EID_10831,0.22805999999999998
EID_24620,0.30476000000000003
EID_8715,0.35039999999999993
EID_13459,0.14926
EID_14031,0.31072
EID_14541,0.17525999999999997
EID_12395,0.27116
EID_7150,0.17562000000000003
EID_14422,0.29832000000000003
EID_19060,0.15146
EID_9338,0.13482
EID_21042,0.35594000000000003
EID_8011,0.24618
EID_8102,0.15355999999999997
EID_11068,0.11907999999999999
EID_15461,0.09736
EID_18509,0.26033999999999996
EID_5796,0.17078
EID_19905,0.22827999999999998
EID_21609,0.19154
EID_14873,0.11835999999999999
EID_8033,0.15874
EID_21354,0.13757999999999998
EID_16377,0.14956
EID_10566,0.11814
EID_4791,0.12818000000000002
EID_20944,0.12944
EID_24913,0.30808
EID_3868,0.08254
EID_10611,0.06052
EID_21702,0.23551999999999995
EID_9472,0.1484
EID_10746,0.08670000000000001
EID_17717,0.14994
EID_18535,0.26888
EID_23706,0.14432
EID_7039,0.12572
EID_23797,0.15280000000000002
EID_1574,0.09126
EID_5931,0.14666
EID_6468,0.30376000000000003
EID_15805,0.26934
EID_2988,0.15942
EID_21966,0.14248
EID_16571,0.13632
EID_10082,0.10732
EID_8359,0.2424
EID_3200,0.13164
EID_2206,0.16076000000000001
EID_14234,0.20572
EID_12498,0.24785999999999997
EID_12009,0.37778
EID_12486,0.24198
EID_2679,0.28747999999999996
EID_25329,0.10946
EID_18268,0.11376
EID_18253,0.26264000000000004
EID_11915,0.13198
EID_2503,0.14331999999999998
EID_22110,0.11835999999999999
EID_9344,0.21071999999999996
EID_17568,0.266
EID_1445,0.12888
EID_12971,0.38739999999999997
EID_14129,0.1079
EID_22888,0.12754000000000001
EID_17510,0.304
EID_11722,0.1496
EID_18542,0.12352
EID_13158,0.13563999999999998
EID_2810,0.21731999999999996
EID_16559,0.19483999999999999
EID_1124,0.2192
EID_2137,0.19691999999999998
EID_13145,0.31782
EID_14181,0.13518
EID_24695,0.08126
EID_21367,0.10073999999999998
EID_13213,0.2023
EID_15852,0.18726
EID_9531,0.18072000000000002
EID_6197,0.16494000000000003
EID_20012,0.21550000000000002
EID_10381,0.25722
EID_9136,0.07526000000000001
EID_12063,0.24556
EID_22318,0.10034000000000001
EID_24047,0.18844
EID_5834,0.28196
EID_4763,0.11644000000000002
EID_24096,0.09938
EID_13825,0.17382
EID_14326,0.10634000000000002
EID_10111,0.09906
EID_23362,0.24608
EID_8682,0.11806000000000001
EID_18727,0.1559
EID_20725,0.19646
EID_15976,0.255
EID_17626,0.21642
EID_13302,0.12724
EID_11333,0.1439
EID_12305,0.20232
EID_4987,0.14294
EID_12132,0.18039999999999998
EID_14163,0.27924
EID_15666,0.12036
EID_19257,0.14378
EID_1591,0.10135999999999998
EID_5610,0.29332
EID_4835,0.18526
EID_5060,0.10144
EID_15897,0.20914000000000002
EID_9771,0.3339
EID_11486,0.17348000000000002
EID_14583,0.1278
EID_17832,0.23504
EID_6876,0.13326
EID_18560,0.1923
EID_1091,0.14689999999999998
EID_3837,0.30258
EID_8508,0.26556
EID_23640,0.12115999999999998
EID_13280,0.07642
EID_3352,0.22562
EID_13404,0.17624
EID_23565,0.1288
EID_24526,0.15776
EID_9254,0.26748000000000005
EID_8916,0.17274000000000003
EID_15227,0.20990000000000003
EID_11672,0.33440000000000003
EID_8926,0.08362
EID_25125,0.0787
EID_3170,0.20635999999999996
EID_24612,0.09144
EID_23932,0.26883999999999997
EID_11554,0.20376
EID_19854,0.25373999999999997
EID_16362,0.15688
EID_13195,0.08747999999999999
EID_25559,0.16226000000000002
EID_18526,0.13216
EID_23226,0.09162000000000001
EID_5873,0.52852
EID_11286,0.37458
EID_7573,0.21266
EID_11669,0.31164
EID_12639,0.26759999999999995
EID_12309,0.13286
EID_17566,0.2156
EID_3644,0.14357999999999999
EID_9921,0.18602
EID_14703,0.17658000000000001
EID_19366,0.27880000000000005
EID_12449,0.21769999999999995
EID_24591,0.16336
EID_4698,0.06548
EID_17657,0.19810000000000003
EID_24446,0.43163999999999997
EID_18528,0.19326
EID_8868,0.0786
EID_5820,0.20186
EID_24215,0.16742
EID_19176,0.20076
EID_6578,0.28582
EID_9672,0.1345
EID_10702,0.19148
EID_4741,0.1728
EID_24067,0.14345999999999998
EID_2416,0.21596
EID_12089,0.23422
EID_8392,0.1744
EID_16766,0.25739999999999996
EID_23137,0.12336
EID_24704,0.26998
EID_13184,0.17061999999999997
EID_21642,0.17876000000000003
EID_8050,0.1413
EID_20432,0.1734
EID_14456,0.42699999999999994
EID_7769,0.18944
EID_14077,0.25224
EID_17805,0.22508
EID_14927,0.21318
EID_7995,0.31332000000000004
EID_2297,0.08586
EID_7960,0.2984
EID_9481,0.14722
EID_2781,0.18935999999999997
EID_25571,0.19396
EID_12462,0.19798000000000002
EID_17761,0.18994000000000003
EID_22310,0.28074
EID_15161,0.11840000000000002
EID_3361,0.1742
EID_2166,0.19308
EID_1515,0.12416
EID_13787,0.1925
EID_23496,0.1672
EID_7820,0.14706000000000002
EID_14433,0.17564000000000002
EID_9405,0.13364
EID_4195,0.18782000000000001
EID_24190,0.11180000000000001
EID_20400,0.18314
EID_16111,0.25226
EID_5502,0.11112
EID_17381,0.15772
EID_22435,0.11113999999999999
EID_3060,0.2211
EID_19197,0.14606
EID_13311,0.15986
EID_14282,0.11006
EID_5849,0.12696000000000002
EID_19845,0.18956
EID_6965,0.28769999999999996
EID_5048,0.18660000000000002
EID_13766,0.1265
EID_22269,0.1601
EID_4363,0.31710000000000005
EID_12215,0.18489999999999998
EID_14479,0.27684
EID_7348,0.09518000000000001
EID_25664,0.35000000000000003
EID_4940,0.1827
EID_6877,0.19798
EID_8337,0.25633999999999996
EID_1775,0.0669
EID_13938,0.21256
EID_12735,0.15014000000000002
EID_16138,0.11594
EID_18586,0.11768
EID_16650,0.13130000000000003
EID_18259,0.2537
EID_19144,0.22396000000000002
EID_4483,0.12496
EID_10929,0.09008000000000001
EID_19882,0.26902000000000004
EID_3779,0.29875999999999997
EID_18678,0.19085999999999997
EID_7168,0.16058
EID_23279,0.28198
EID_17008,0.08214
EID_2795,0.1826
EID_1833,0.16075999999999996
EID_21026,0.22818
EID_20322,0.15484
EID_10026,0.13482
EID_7742,0.13472
EID_21792,0.12428000000000002
EID_14341,0.13042
EID_24634,0.44078
EID_3379,0.20466
EID_20627,0.39478
EID_8572,0.12165999999999999
EID_15104,0.26946000000000003
EID_12426,0.1399
EID_17588,0.23468000000000006
EID_20961,0.096
EID_23260,0.22498
EID_7213,0.14522000000000002
EID_11851,0.12422
EID_5696,0.21969999999999995
EID_23011,0.05961999999999999
EID_2035,0.0879
EID_22461,0.27476
EID_23215,0.19256
EID_6913,0.1417
EID_5739,0.09233999999999999
EID_19814,0.1659
EID_20320,0.08026
EID_2043,0.12982
EID_21992,0.20843999999999996
EID_9324,0.18874000000000002
EID_3863,0.11408
EID_7513,0.135
EID_11120,0.12708
EID_6548,0.20038
EID_23957,0.17156
EID_11408,0.1809
EID_24638,0.0797
EID_3908,0.26332000000000005
EID_17023,0.30462
EID_10902,0.23428
EID_3543,0.16602
EID_3633,0.11103999999999999
EID_3394,0.13112
EID_8619,0.16906
EID_13424,0.07448
EID_15405,0.08496000000000001
EID_21727,0.27826000000000006
EID_18916,0.18566
EID_3335,0.21789999999999998
EID_2811,0.12624
EID_8620,0.09564000000000002
EID_3249,0.14526
EID_22140,0.13882
EID_18934,0.08413999999999999
EID_24271,0.15121999999999997
EID_2164,0.19339999999999996
EID_22961,0.1719
EID_25318,0.15248
EID_23064,0.12884
EID_1056,0.07312
EID_4389,0.21566000000000002
EID_6949,0.2564
EID_16133,0.36278
EID_8023,0.33340000000000003
EID_19426,0.14794000000000002
EID_12895,0.16029999999999997
EID_17667,0.15156
EID_14826,0.1386
EID_8807,0.11916
EID_13977,0.31708
EID_11167,0.13544
EID_22535,0.24725999999999998
EID_5357,0.10232
EID_1450,0.20781999999999998
EID_24647,0.23382
EID_1516,0.20152
EID_10122,0.05392
EID_2423,0.27880000000000005
EID_4276,0.12391999999999999
EID_10610,0.19329999999999997
EID_5840,0.15908
EID_19117,0.11706000000000001
EID_1753,0.18188
EID_11679,0.30395999999999995
EID_12425,0.12706
EID_21118,0.07472000000000001
EID_1348,0.30500000000000005
EID_3143,0.10522000000000001
EID_12153,0.16871999999999998
EID_22834,0.14278
EID_14978,0.41402
EID_23361,0.37018
EID_5207,0.07884
EID_8395,0.11066000000000001
EID_2440,0.19898
EID_14196,0.15020000000000003
EID_16684,0.1652
EID_22520,0.21180000000000004
EID_14689,0.08634
EID_22890,0.22645999999999997
EID_18695,0.43682
EID_1275,0.24116000000000004
EID_6033,0.11054
EID_25616,0.27284
EID_6190,0.13849999999999998
EID_2964,0.40346000000000004
EID_24869,0.22576000000000002
EID_3319,0.13136
EID_15857,0.1623
EID_4615,0.25236000000000003
EID_23926,0.12289999999999998
EID_15506,0.16027999999999998
EID_4168,0.14484000000000002
EID_23593,0.08176
EID_3108,0.13982
EID_22846,0.21288
EID_12618,0.10230000000000002
EID_20341,0.32482
EID_15441,0.19508
EID_20278,0.2002
EID_19511,0.35692
EID_7832,0.1096
EID_7775,0.5414
EID_9409,0.0623
EID_11483,0.28652
EID_6657,0.30884
EID_10338,0.10182
EID_7683,0.06574
EID_11854,0.25
EID_17102,0.1459
EID_9882,0.19112
EID_19326,0.15028
EID_1670,0.34894000000000003
EID_17455,0.1282
EID_24867,0.12658
EID_22972,0.14694000000000002
EID_4679,0.13326000000000002
EID_7172,0.11432
EID_7401,0.09230000000000001
EID_13199,0.25364000000000003
EID_12244,0.21846000000000002
EID_12771,0.30296
EID_7230,0.16432
EID_19736,0.15954000000000002
EID_2755,0.30050000000000004
EID_19126,0.10835999999999998
EID_20949,0.12622
EID_4573,0.191
EID_23671,0.14894
EID_11580,0.32728
EID_15600,0.12418
EID_17577,0.1123
EID_6773,0.15826
EID_9565,0.24546
EID_13401,0.0871
EID_17438,0.32918000000000003
EID_7604,0.15958
EID_1215,0.19126
EID_24765,0.43926
EID_2084,0.1619
EID_17898,0.16609999999999997
EID_9752,0.18029999999999996
EID_19867,0.31765999999999994
EID_5430,0.19625999999999996
EID_22617,0.18547999999999998
EID_23590,0.1127
EID_11131,0.09437999999999999
EID_1623,0.24224
EID_25390,0.26734
EID_23316,0.13464
EID_11595,0.45633999999999997
EID_10827,0.14328
EID_14787,0.07833999999999999
EID_18290,0.17506000000000002
EID_17889,0.35148
EID_7936,0.10522000000000001
EID_12044,0.18274
EID_8205,0.13838
EID_22950,0.0859
EID_4965,0.29585999999999996
EID_24073,0.23305999999999996
EID_4946,0.14832
EID_14618,0.12952
EID_17692,0.16302
EID_23220,0.14822
EID_24364,0.22588
EID_20216,0.11756000000000003
EID_24865,0.26636
EID_11009,0.31592
EID_6889,0.24158
EID_10375,0.22812000000000002
EID_11917,0.18844
EID_25323,0.18892000000000003
EID_21841,0.26294
EID_25278,0.12355999999999998
EID_17857,0.14662
EID_2991,0.32888
EID_23822,0.11542
EID_12098,0.20656
EID_14665,0.16998
EID_25373,0.20573999999999998
EID_22143,0.20418000000000003
EID_4000,0.17246
EID_2951,0.13565999999999998
EID_8610,0.14988
EID_6998,0.17938
EID_21972,0.14822
EID_3582,0.15884
EID_18220,0.25732
EID_12381,0.27196000000000004
EID_15689,0.07849999999999999
EID_12239,0.18866
EID_3987,0.26112
EID_20164,0.27175999999999995
EID_1654,0.18982000000000002
EID_25583,0.24098000000000003
EID_22736,0.18939999999999999
EID_22169,0.10289999999999999
EID_9495,0.33466
EID_2465,0.17670000000000002
EID_1659,0.12789999999999999
EID_4509,0.17612
EID_15264,0.10772
EID_9494,0.1483
EID_23657,0.20558
EID_10376,0.18802000000000002
EID_25277,0.25526000000000004
EID_15121,0.13674
EID_14760,0.12875999999999999
EID_9160,0.18118
EID_18574,0.12138
EID_2977,0.16349999999999998
EID_4745,0.11764000000000001
EID_6762,0.18884
EID_2682,0.30922
EID_19172,0.09079999999999999
EID_1013,0.07696
EID_1242,0.07597999999999999
EID_10336,0.20791999999999997
EID_11247,0.19449999999999998
EID_4631,0.20825999999999997
EID_21660,0.19674000000000003
EID_6752,0.27
EID_14409,0.13552000000000003
EID_21720,0.14676
EID_14495,0.27286
EID_15348,0.30854
EID_9610,0.1817
EID_10629,0.06296
EID_10182,0.24566
EID_10598,0.21794000000000002
EID_11065,0.14844000000000002
EID_16129,0.17643999999999999
EID_15572,0.14344
EID_21059,0.2808
EID_7812,0.19984
EID_15162,0.05796
EID_6911,0.19056
EID_17591,0.18094
EID_22638,0.19571999999999998
EID_3217,0.11980000000000002
EID_10116,0.14009999999999997
EID_23199,0.19125999999999999
EID_18844,0.1418
EID_19931,0.06416
EID_22215,0.13854
EID_14623,0.21212
EID_7884,0.11313999999999999
EID_3197,0.10518000000000001
EID_11291,0.11856
EID_3320,0.22938
EID_12585,0.21660000000000004
EID_13592,0.09201999999999999
EID_11264,0.30332000000000003
EID_6997,0.23447999999999997
EID_2327,0.11348
EID_9340,0.17436000000000001
EID_14544,0.1958
EID_13055,0.24618
EID_14014,0.15289999999999998
EID_7429,0.20244
EID_19008,0.29934000000000005
EID_14283,0.17686
EID_10882,0.32771999999999996
EID_5194,0.17151999999999998
EID_23844,0.22698000000000002
EID_22628,0.38988
EID_10033,0.32111999999999996
EID_13281,0.18626000000000004
EID_23871,0.08626
EID_3621,0.0683
EID_12968,0.36304000000000003
EID_5819,0.3204
EID_6694,0.35066
EID_17656,0.22519999999999998
EID_8888,0.21056
EID_14552,0.15648
EID_15342,0.11816
EID_7728,0.1826
EID_10331,0.11866000000000002
EID_5479,0.13554
EID_25526,0.3122
EID_12348,0.17181999999999997
EID_6196,0.17828
EID_3619,0.36666
EID_11280,0.16092
EID_18119,0.3364
EID_18058,0.17375999999999997
EID_20911,0.12365999999999999
EID_19840,0.11814
EID_11808,0.22105999999999998
EID_16265,0.14814
EID_25976,0.1927
EID_3872,0.1877
EID_23029,0.29829999999999995
EID_11745,0.37786
EID_9556,0.1008
EID_19748,0.1714
EID_23253,0.1669
EID_16237,0.08444
EID_11694,0.21264
EID_12824,0.06984
EID_12797,0.18718
EID_3524,0.55202
EID_10559,0.04414
EID_22844,0.21692
EID_22281,0.12382
EID_9535,0.23414000000000001
EID_1642,0.30408
EID_17630,0.16926000000000002
EID_15083,0.34032
EID_2690,0.22844000000000003
EID_12199,0.22158000000000003
EID_3449,0.47578
EID_12097,0.20389999999999997
EID_23272,0.28304
EID_6890,0.12436
EID_2438,0.13718
EID_6508,0.16599999999999998
EID_10772,0.17365999999999998
EID_6076,0.08654
EID_3045,0.0678
EID_24779,0.15308
EID_12553,0.1605
EID_24984,0.26972
EID_17157,0.37455999999999995
EID_11823,0.10646
EID_4765,0.15086
EID_16143,0.17161999999999997
EID_19658,0.25638000000000005
EID_12035,0.12825999999999999
EID_3481,0.15104
EID_12776,0.26426000000000005
EID_21160,0.18916
EID_11127,0.31382
EID_11784,0.19974
EID_17458,0.17252
EID_15653,0.27076
EID_25399,0.21888000000000002
EID_8799,0.37384000000000006
EID_14529,0.14255999999999996
EID_19407,0.13912
EID_8224,0.09603999999999999
EID_21582,0.23386000000000004
EID_14807,0.18547999999999998
EID_17338,0.17444
EID_10635,0.28728
EID_16300,0.13904
EID_5155,0.2
EID_11136,0.1966
EID_7716,0.05983999999999999
EID_13041,0.32280000000000003
EID_1572,0.34600000000000003
EID_2382,0.26260000000000006
EID_4568,0.16907999999999998
EID_25153,0.3255
EID_20523,0.10662
EID_2332,0.16399999999999998
EID_6143,0.12042
EID_19549,0.20054
EID_24568,0.10066
EID_23211,0.20964
EID_2342,0.19554000000000002
EID_2922,0.18880000000000002
EID_6026,0.09022
EID_10107,0.26382
EID_14855,0.35548
EID_18780,0.26186
EID_10578,0.08142
EID_3842,0.31124
EID_10225,0.10085999999999999
EID_15275,0.22938
EID_10740,0.08020000000000001
EID_9483,0.13302
EID_11262,0.20231999999999997
EID_24388,0.56182
EID_19271,0.2171
EID_15363,0.20464
EID_16555,0.14488
EID_7387,0.13582
EID_2692,0.10251999999999999
EID_19754,0.0689
EID_10859,0.06458
EID_16618,0.15572
EID_1697,0.25954
EID_3764,0.22649999999999998
EID_4502,0.10618000000000001
EID_19240,0.25172000000000005
EID_22590,0.32572
EID_14056,0.19319999999999998
EID_20697,0.04762
EID_2505,0.15614
EID_23288,0.26262
EID_23373,0.17151999999999998
EID_18878,0.16804000000000002
EID_11857,0.25804
EID_25945,0.10963999999999999
EID_18242,0.15053999999999998
EID_22823,0.35842
EID_5625,0.35686
EID_6702,0.3545
EID_24252,0.12718000000000002
EID_12704,0.11745999999999998
EID_1770,0.22586
EID_10159,0.33138
EID_3702,0.20648
EID_2688,0.26849999999999996
EID_19784,0.1298
EID_3636,0.29474
EID_14537,0.10608
EID_4878,0.10224
EID_10260,0.12754
EID_5154,0.126
EID_21206,0.10188
EID_15511,0.17258
EID_8010,0.28684
EID_6249,0.16019999999999998
EID_7392,0.4657
EID_18362,0.23142000000000001
EID_14147,0.12610000000000002
EID_24826,0.07294
EID_10862,0.38761999999999996
EID_3088,0.18164
EID_2871,0.1041
EID_22681,0.0819
EID_3720,0.254
EID_21540,0.21845999999999996
EID_3516,0.22868
EID_10969,0.23866
EID_11396,0.23848000000000003
EID_11407,0.12128000000000001
EID_19264,0.08236
EID_12406,0.0813
EID_19440,0.10242
EID_22729,0.11077999999999999
EID_21143,0.13792
EID_19936,0.16358
EID_13997,0.13518000000000002
EID_15533,0.18531999999999998
EID_22065,0.25182000000000004
EID_6600,0.19266
EID_15316,0.18216
EID_10721,0.22837999999999997
EID_20630,0.13488000000000003
EID_17720,0.2412
EID_7692,0.03676
EID_25004,0.08838000000000001
EID_1804,0.22822
EID_25207,0.36768
EID_7638,0.07017999999999999
EID_8179,0.15565999999999997
EID_23406,0.17909999999999998
EID_19285,0.22816
EID_15333,0.31710000000000005
EID_9685,0.13828000000000001
EID_15725,0.10421999999999998
EID_8302,0.22763999999999998
EID_10726,0.27693999999999996
EID_6168,0.27232
EID_16711,0.1709
EID_24881,0.2011
EID_15281,0.14746
EID_17428,0.28742
EID_2814,0.14443999999999999
EID_8717,0.15145999999999998
EID_4395,0.21502
EID_22871,0.18853999999999999
EID_22152,0.20568
EID_23649,0.1453
EID_24748,0.20529999999999998
EID_25426,0.41052
EID_13986,0.13584
EID_19704,0.2266
EID_15554,0.15955999999999998
EID_23100,0.19895999999999997
EID_25408,0.13286
EID_15870,0.10047999999999999
EID_4048,0.10739999999999998
EID_12712,0.12304
EID_1937,0.31679999999999997
EID_14246,0.11987999999999999
EID_2569,0.18807999999999997
EID_6228,0.22600000000000003
EID_21309,0.13577999999999998
EID_16971,0.45674000000000003
EID_25273,0.20049999999999998
EID_8968,0.3665
EID_21475,0.25072
EID_1982,0.24979999999999997
EID_23627,0.139
EID_14209,0.21183999999999997
EID_22365,0.1776
EID_21031,0.12095999999999998
EID_16883,0.13008
EID_15734,0.17648000000000003
EID_20840,0.32842000000000005
EID_20792,0.14662
EID_2652,0.09566
EID_3079,0.06876
EID_1425,0.18224
EID_17271,0.12172000000000001
EID_22724,0.14548
EID_23964,0.24846
EID_9333,0.08246
EID_12374,0.22126
EID_25107,0.22986
EID_22869,0.17192000000000002
EID_18753,0.15253999999999998
EID_16805,0.30764
EID_19994,0.25214000000000003
EID_3004,0.13354
EID_12616,0.19658
EID_6090,0.13701999999999998
EID_3303,0.24752000000000002
EID_9435,0.176
EID_1838,0.19799999999999998
EID_15681,0.18358
EID_17496,0.10464000000000002
EID_8456,0.29606000000000005
EID_23174,0.1795
EID_8285,0.28132000000000007
EID_6547,0.13692000000000001
EID_23648,0.10832000000000001
EID_7958,0.16776
EID_19299,0.09373999999999999
EID_8699,0.27314
EID_14528,0.14408000000000004
EID_23167,0.15739999999999998
EID_25289,0.15592
EID_12802,0.10425999999999999
EID_15986,0.17692000000000002
EID_3609,0.3993
EID_2045,0.08013999999999999
EID_1788,0.23784
EID_22630,0.17692000000000002
EID_10542,0.10486
EID_13101,0.22452
EID_5159,0.18558
EID_18490,0.07006
EID_25693,0.23754000000000003
EID_20514,0.06996
EID_3713,0.16288
EID_11193,0.13731999999999997
EID_6052,0.29214
EID_6986,0.25002
EID_9104,0.16234
EID_23058,0.12778
EID_3156,0.10428
EID_17660,0.12996
EID_17514,0.15786
EID_15370,0.32658
EID_12207,0.28536
EID_7351,0.20894000000000004
EID_24727,0.11864
EID_6356,0.13874
EID_15421,0.21589999999999998
EID_11772,0.23350000000000004
EID_14071,0.23393999999999998
EID_16359,0.16258
EID_16919,0.09184
EID_21496,0.10128
EID_10564,0.26582
EID_3773,0.17668
EID_9484,0.29358000000000006
EID_13601,0.0814
EID_13843,0.17092000000000002
EID_8774,0.15658
EID_7542,0.2271
EID_3388,0.20346000000000003
EID_17949,0.19448
EID_1815,0.16724
EID_10479,0.27634000000000003
EID_10722,0.3223
EID_3427,0.11417999999999999
EID_18205,0.21408000000000005
EID_21650,0.16194
EID_23124,0.19138
EID_4294,0.05772000000000001
EID_13366,0.13718
EID_13957,0.24829999999999997
EID_3578,0.18742000000000003
EID_24105,0.12352
EID_13186,0.17268
EID_24214,0.06344000000000001
EID_17251,0.21630000000000002
EID_23225,0.28174
EID_2152,0.10507999999999999
EID_10625,0.10906
EID_2044,0.1442
EID_7201,0.15984
EID_2405,0.24608
EID_22716,0.12916
EID_22728,0.11557999999999999
EID_21251,0.14708000000000002
EID_6915,0.13198000000000001
EID_14744,0.18748000000000004
EID_15814,0.11432
EID_6659,0.22834
EID_10991,0.16110000000000002
EID_6500,0.24897999999999998
EID_19121,0.062139999999999994
EID_6278,0.0641
EID_13236,0.37826
EID_5382,0.22526000000000002
EID_6871,0.14182
EID_5012,0.1309
EID_1268,0.13824
EID_6588,0.23376000000000002
EID_22163,0.08974
EID_11121,0.27048
EID_22615,0.27182000000000006
EID_7838,0.3237
EID_3344,0.30782
EID_25292,0.06256
EID_10730,0.1382
EID_10317,0.10628
EID_13443,0.09930000000000001
EID_10988,0.11168
EID_23091,0.09008000000000001
EID_1839,0.16576
EID_13892,0.24716
EID_1496,0.12365999999999999
EID_15045,0.11312
EID_3744,0.20268000000000003
EID_13010,0.17124
EID_9716,0.12412000000000001
EID_2993,0.37166
EID_23435,0.13408
EID_8587,0.26614000000000004
EID_22132,0.057999999999999996
EID_21413,0.19460000000000002
EID_11881,0.15262000000000003
EID_19850,0.34598
EID_18460,0.21144
EID_17983,0.15098000000000003
EID_14888,0.50542
EID_14002,0.2271
EID_13524,0.12894
EID_4049,0.08522
EID_6535,0.14831999999999998
EID_10557,0.21903999999999998
EID_1313,0.09785999999999999
EID_12424,0.12622
EID_8210,0.13164000000000003
EID_22378,0.13864
EID_19644,0.19428
EID_8790,0.15402
EID_5778,0.17458
EID_23887,0.11772
EID_16103,0.25656
EID_20604,0.26526
EID_17378,0.19335999999999998
EID_5566,0.28066
EID_24264,0.15496
EID_7814,0.22068
EID_1968,0.14346
EID_10282,0.3416
EID_13648,0.10400000000000001
EID_22376,0.11154
EID_3690,0.24011999999999997
EID_17871,0.07887999999999999
EID_19167,0.16137999999999997
EID_5366,0.09265999999999999
EID_16996,0.29538
EID_1953,0.15918000000000002
EID_8760,0.30998000000000003
EID_20448,0.13893999999999998
EID_15787,0.13894
EID_18982,0.2045
EID_4388,0.14049999999999999
EID_22325,0.27352
EID_10189,0.20318
EID_21162,0.18066000000000002
EID_1032,0.20259999999999997
EID_12045,0.30408
EID_18324,0.22305999999999998
EID_15085,0.26234
EID_21927,0.25085999999999997
EID_13325,0.22372
EID_17801,0.192
EID_7678,0.10956000000000002
EID_17469,0.18248
EID_14318,0.36204
EID_16439,0.20729999999999998
EID_2307,0.28246
EID_20011,0.1492
EID_19381,0.22714000000000004
EID_14043,0.23054000000000002
EID_14774,0.29408
EID_22982,0.18044
EID_19092,0.15167999999999998
EID_13137,0.22956000000000004
EID_5738,0.34944
EID_19661,0.30860000000000004
EID_22570,0.14973999999999998
EID_16393,0.0927
EID_4256,0.044
EID_17873,0.133
EID_13832,0.19283999999999998
EID_17617,0.18836
EID_3106,0.37766
EID_6567,0.17770000000000002
EID_4727,0.10415999999999999
EID_14518,0.4965
EID_1070,0.15209999999999999
EID_19385,0.13858
EID_20032,0.18316
EID_11714,0.12654
EID_23636,0.13104
EID_1985,0.19142
EID_5627,0.16766
EID_15171,0.15882000000000002
EID_8811,0.09404000000000001
EID_2163,0.20414
EID_8459,0.0903
EID_18138,0.44523999999999997
EID_17518,0.18352
EID_17432,0.17458
EID_25686,0.175
EID_2470,0.18674
EID_16311,0.16678
EID_6903,0.31133999999999995
EID_11990,0.11708
EID_23460,0.10017999999999998
EID_25924,0.21962
EID_13985,0.14812000000000003
EID_5455,0.11732000000000001
EID_13427,0.43562
EID_24855,0.26236000000000004
EID_15532,0.22874
EID_8953,0.26930000000000004
EID_22683,0.17502
EID_22493,0.07492
EID_1451,0.22126
EID_20796,0.23884000000000002
EID_17281,0.26216
EID_7767,0.07948000000000001
EID_20838,0.18172000000000002
EID_17235,0.24966
EID_21615,0.1643
EID_6972,0.0917
EID_13930,0.2949
EID_4188,0.15032
EID_11277,0.10266000000000002
EID_18053,0.26538000000000006
EID_11288,0.18545999999999999
EID_1148,0.35004
EID_19216,0.11022000000000001
EID_7660,0.19060000000000002
EID_22805,0.2487
EID_11931,0.31638
EID_16921,0.14804
EID_4993,0.17361999999999997
EID_18070,0.1342
EID_15648,0.27232
EID_11404,0.11112
EID_14248,0.2575199999999999
EID_15424,0.06594
EID_8039,0.29456000000000004
EID_7094,0.08259999999999999
EID_13161,0.15468
EID_9293,0.1552
EID_4351,0.31930000000000003
EID_17259,0.16058000000000003
EID_2681,0.13096
EID_22123,0.08314000000000002
EID_8528,0.23552
EID_11798,0.30012
EID_20265,0.08987999999999999
EID_21396,0.07378
EID_12220,0.19884000000000002
EID_25722,0.36432000000000003
EID_21719,0.39696
EID_3506,0.10225999999999999
EID_2139,0.12896
EID_6562,0.40972
EID_4353,0.28568000000000005
EID_24392,0.24457999999999996
EID_11238,0.23684000000000002
EID_20617,0.08706
EID_21473,0.08456
EID_16837,0.40662000000000004
EID_1800,0.0981
EID_25849,0.36028
EID_9395,0.16716
EID_2415,0.1359
EID_9286,0.1079
EID_5081,0.09076
EID_22546,0.1621
EID_11932,0.29696
EID_16292,0.14086
EID_17882,0.14578
EID_20889,0.14426
EID_10031,0.11805999999999998
EID_21576,0.17034
EID_8256,0.19116000000000002
EID_2614,0.19588
EID_2098,0.10910000000000002
EID_10242,0.14028
EID_21993,0.11425999999999999
EID_22664,0.20275999999999997
EID_1919,0.11072
EID_11629,0.25883999999999996
EID_6840,0.20789999999999997
EID_25493,0.15138000000000001
EID_14968,0.07028
EID_25313,0.19106
EID_8035,0.14487999999999998
EID_8969,0.1968
EID_15223,0.10606
EID_6266,0.09948
EID_8184,0.14482
EID_19480,0.20768
EID_19076,0.1223
EID_16339,0.26448000000000005
EID_7963,0.1861
EID_17427,0.25914000000000004
EID_12641,0.2579
EID_4122,0.23343999999999995
EID_23659,0.20728
EID_13486,0.26983999999999997
EID_18423,0.13304
EID_2181,0.21824
EID_25490,0.11539999999999999
EID_9211,0.13908
EID_5237,0.16734
EID_2418,0.10715999999999999
EID_17716,0.14334000000000002
EID_13837,0.20458000000000004
EID_2840,0.2263
EID_13004,0.30054
EID_14429,0.12786
EID_18915,0.3014
EID_22415,0.22480000000000003
EID_4304,0.08506
EID_10753,0.11302000000000001
EID_22612,0.28508
EID_1857,0.20378
EID_3566,0.19872
EID_8545,0.37611999999999995
EID_21685,0.11639999999999999
EID_9946,0.14892
EID_20447,0.11306000000000001
EID_3887,0.14386000000000002
EID_8351,0.16685999999999998
EID_23889,0.09581999999999999
EID_8248,0.23325999999999997
EID_16621,0.39086000000000004
EID_25138,0.08054
EID_10004,0.1825
EID_5522,0.12196
EID_23416,0.05604
EID_14897,0.24942000000000003
EID_10840,0.16473999999999997
EID_21716,0.1551
EID_18484,0.1596
EID_7402,0.12532000000000001
EID_24854,0.16993999999999998
EID_1610,0.20808
EID_17592,0.19194
EID_22128,0.23104000000000005
EID_17304,0.11710000000000001
EID_1508,0.20994000000000002
EID_20492,0.18158000000000002
EID_2324,0.17148000000000002
EID_17093,0.14522
EID_23356,0.24242
EID_17895,0.10942
EID_8186,0.1396
EID_19358,0.40687999999999996
EID_6030,0.24316
EID_17457,0.15716000000000002
EID_14976,0.27132
EID_8914,0.19648
EID_5721,0.12646000000000002
EID_11266,0.13594
EID_17012,0.12190000000000001
EID_7554,0.25002
EID_3087,0.1048
EID_19716,0.10836000000000001
EID_21723,0.15836000000000003
EID_13072,0.35860000000000003
EID_9776,0.29554
EID_25927,0.10134000000000001
EID_5593,0.14728
EID_13954,0.28612
EID_16034,0.2549
EID_1719,0.15218
EID_23054,0.29789999999999994
EID_15591,0.11366000000000001
EID_5178,0.13384000000000001
EID_24346,0.11386
EID_21264,0.17048
EID_3292,0.10772
EID_14975,0.16383999999999999
EID_9165,0.14456
EID_23369,0.34768000000000004
EID_18767,0.23285999999999998
EID_10153,0.1516
EID_2542,0.17715999999999998
EID_23826,0.1356
EID_20391,0.1899
EID_8633,0.14404
EID_5875,0.101
EID_12699,0.2011
EID_12982,0.26376
EID_16392,0.16742
EID_8185,0.23484
EID_15462,0.0834
EID_4853,0.27146
EID_17622,0.1252
EID_23074,0.14701999999999998
EID_6390,0.10454
EID_24539,0.07314000000000001
EID_12963,0.16658
EID_8649,0.33524000000000004
EID_11810,0.06588000000000001
EID_3598,0.1946
EID_13511,0.23664000000000002
EID_16014,0.12676
EID_24791,0.32356
EID_3417,0.15282
EID_24668,0.12806
EID_4508,0.24941999999999998
EID_25150,0.15610000000000002
EID_25934,0.11201999999999998
EID_6308,0.2578
EID_10508,0.26776
EID_18724,0.29126
EID_10536,0.13954
EID_18738,0.17232000000000003
EID_15949,0.25166
EID_20722,0.47431999999999996
EID_14963,0.17841999999999997
EID_6682,0.09738
EID_8365,0.13090000000000002
EID_17999,0.16777999999999998
EID_24499,0.17123999999999998
EID_20389,0.0722
EID_12123,0.27248
EID_19203,0.21168
EID_3538,0.24348
EID_19811,0.17226
EID_11473,0.12694
EID_3032,0.20806
EID_8419,0.0779
EID_9052,0.27593999999999996
EID_15837,0.35118
EID_6644,0.14780000000000001
EID_16894,0.08843999999999999
EID_10552,0.07986
EID_14750,0.15334
EID_16659,0.15894
EID_4472,0.23882000000000003
EID_4076,0.23031999999999994
EID_5163,0.14592
EID_25923,0.205
EID_24806,0.1478
EID_3742,0.05841999999999999
EID_19722,0.23052
EID_18033,0.15248
EID_16718,0.15875999999999998
EID_13182,0.21832
EID_23021,0.3508
EID_20329,0.09844
EID_8770,0.18741999999999998
EID_11234,0.18352
EID_18881,0.21781999999999999
EID_1365,0.10529999999999999
EID_19318,0.24516
EID_19343,0.20010000000000003
EID_4435,0.11354
EID_22102,0.13108
EID_24095,0.0942
EID_9897,0.19732
EID_21635,0.2566
EID_16514,0.19322
EID_1997,0.09222
EID_10324,0.23052
EID_6487,0.15299999999999997
EID_21197,0.15446000000000001
EID_19082,0.3148
EID_17562,0.20124
EID_8738,0.13862
EID_13687,0.17048
EID_19572,0.0807
EID_24909,0.12201999999999999
EID_21814,0.10517999999999998
EID_12083,0.09782000000000002
EID_25919,0.15899999999999997
EID_19140,0.15442
EID_23924,0.14682
EID_1208,0.29028
EID_18170,0.16760000000000003
EID_18699,0.39488
EID_1318,0.18259999999999998
EID_14941,0.20742000000000002
EID_6540,0.12186000000000001
EID_20936,0.19514
EID_9705,0.11448
EID_24181,0.15856
EID_22138,0.21181999999999998
EID_23044,0.12026
EID_9038,0.25216000000000005
EID_3247,0.11326
EID_19630,0.32476000000000005
EID_8655,0.13698000000000002
EID_10423,0.12217999999999998
EID_3946,0.09912000000000001
EID_16512,0.2508
EID_12473,0.4568
EID_11571,0.09358
EID_14381,0.3734
EID_12675,0.22118000000000002
EID_1930,0.11616
EID_20155,0.11810000000000001
EID_22902,0.12147999999999999
EID_24145,0.09812000000000001
EID_5342,0.12105999999999999
EID_8334,0.23798000000000002
EID_25708,0.32182000000000005
EID_19991,0.1036
EID_5499,0.14656
EID_5953,0.07704
EID_7444,0.21697999999999995
EID_6218,0.15504
EID_12891,0.3851
EID_16456,0.15067999999999998
EID_20256,0.20174000000000003
EID_9959,0.09880000000000001
EID_8845,0.15988000000000002
EID_1662,0.2238
EID_8739,0.10792000000000002
EID_20695,0.34362
EID_19446,0.16072000000000003
EID_12441,0.15904
EID_13066,0.24504
EID_8911,0.10333999999999999
EID_22200,0.2915
EID_9689,0.18439999999999998
EID_1668,0.28948
EID_8120,0.1733
EID_22777,0.15664
EID_19141,0.23494
EID_22674,0.26968000000000003
EID_16121,0.17072
EID_14662,0.1497
EID_23290,0.17706
EID_20144,0.41601999999999995
EID_23052,0.12326
EID_25575,0.15068
EID_23724,0.07702
EID_14759,0.09709999999999999
EID_25209,0.11268
EID_17753,0.10941999999999999
EID_4693,0.41298
EID_17284,0.18094000000000002
EID_9131,0.16232
EID_24625,0.046939999999999996
EID_24912,0.1436
EID_19612,0.15395999999999999
EID_9147,0.07812
EID_6891,0.16646
EID_10639,0.17109999999999997
EID_5880,0.25351999999999997
EID_22547,0.08198
EID_10066,0.13826
EID_7126,0.26978
EID_4929,0.13752000000000003
EID_24750,0.19240000000000002
